{"name":"Sample App","description":"","definition":{"models":[{"id":3,"name":"Sample Process with User Task","version":3,"modelType":0,"description":"This process is used by ACS to demonstrate starting a process via APS ReST API","stencilSetId":0,"createdByFullName":" Administrator","createdBy":1,"lastUpdatedByFullName":" Administrator","lastUpdatedBy":1,"lastUpdated":"2018-09-28T13:20:05.489+0000"},{"id":1,"name":"Sample Process with Service Task","version":3,"modelType":0,"description":"This process defines a service task that makes a call to ACS ReST API","stencilSetId":null,"createdByFullName":" Administrator","createdBy":1,"lastUpdatedByFullName":" Administrator","lastUpdatedBy":1,"lastUpdated":"2018-09-28T13:20:05.523+0000"}],"theme":"theme-1","icon":"glyphicon-asterisk","publishIdentityInfo":[]}}