<?xml version='1.0' encoding='UTF-8'?>
<definitions xmlns="http://www.omg.org/spec/BPMN/20100524/MODEL" xmlns:xsi="http://www.w3.org/2001/XMLSchema-instance" xmlns:xsd="http://www.w3.org/2001/XMLSchema" xmlns:activiti="http://activiti.org/bpmn" xmlns:bpmndi="http://www.omg.org/spec/BPMN/20100524/DI" xmlns:omgdc="http://www.omg.org/spec/DD/20100524/DC" xmlns:omgdi="http://www.omg.org/spec/DD/20100524/DI" typeLanguage="http://www.w3.org/2001/XMLSchema" expressionLanguage="http://www.w3.org/1999/XPath" targetNamespace="http://www.activiti.org/processdef" xmlns:modeler="http://activiti.com/modeler" modeler:version="1.0en" modeler:exportDateTime="20180928132051237" modeler:modelId="1" modeler:modelVersion="3" modeler:modelLastUpdated="1538140805523">
  <process id="SampleProcess-ServiceTask" name="Sample Process with Service Task" isExecutable="true">
    <startEvent id="startEvent1">
      <extensionElements>
        <modeler:editor-resource-id><![CDATA[startEvent1]]></modeler:editor-resource-id>
      </extensionElements>
    </startEvent>
    <serviceTask id="sid-91116FE3-7C3F-47BD-84CF-AE9E6E27648F" name="Call ACS and create a folder" activiti:delegateExpression="${callAcsSpringJavaDelegate}">
      <extensionElements>
        <activiti:field name="alfrescoRepoId">
          <activiti:string><![CDATA[1]]></activiti:string>
        </activiti:field>
        <modeler:editor-resource-id><![CDATA[sid-91116FE3-7C3F-47BD-84CF-AE9E6E27648F]]></modeler:editor-resource-id>
      </extensionElements>
    </serviceTask>
    <sequenceFlow id="sid-C55223AC-471E-4710-8C7A-894E4C469D9C" sourceRef="startEvent1" targetRef="sid-91116FE3-7C3F-47BD-84CF-AE9E6E27648F">
      <extensionElements>
        <modeler:editor-resource-id><![CDATA[sid-C55223AC-471E-4710-8C7A-894E4C469D9C]]></modeler:editor-resource-id>
      </extensionElements>
    </sequenceFlow>
    <endEvent id="sid-90242F30-57C6-4C63-B7F4-07E3A3A8D699">
      <extensionElements>
        <modeler:editor-resource-id><![CDATA[sid-90242F30-57C6-4C63-B7F4-07E3A3A8D699]]></modeler:editor-resource-id>
      </extensionElements>
    </endEvent>
    <sequenceFlow id="sid-985BAFBE-259A-4258-AE70-DF179FA4648D" sourceRef="sid-91116FE3-7C3F-47BD-84CF-AE9E6E27648F" targetRef="sid-90242F30-57C6-4C63-B7F4-07E3A3A8D699">
      <extensionElements>
        <modeler:editor-resource-id><![CDATA[sid-985BAFBE-259A-4258-AE70-DF179FA4648D]]></modeler:editor-resource-id>
      </extensionElements>
    </sequenceFlow>
  </process>
  <bpmndi:BPMNDiagram id="BPMNDiagram_SampleProcess-ServiceTask">
    <bpmndi:BPMNPlane bpmnElement="SampleProcess-ServiceTask" id="BPMNPlane_SampleProcess-ServiceTask">
      <bpmndi:BPMNShape bpmnElement="startEvent1" id="BPMNShape_startEvent1">
        <omgdc:Bounds height="30.0" width="30.0" x="100.0" y="146.0"/>
      </bpmndi:BPMNShape>
      <bpmndi:BPMNShape bpmnElement="sid-91116FE3-7C3F-47BD-84CF-AE9E6E27648F" id="BPMNShape_sid-91116FE3-7C3F-47BD-84CF-AE9E6E27648F">
        <omgdc:Bounds height="80.0" width="100.0" x="255.0" y="120.0"/>
      </bpmndi:BPMNShape>
      <bpmndi:BPMNShape bpmnElement="sid-90242F30-57C6-4C63-B7F4-07E3A3A8D699" id="BPMNShape_sid-90242F30-57C6-4C63-B7F4-07E3A3A8D699">
        <omgdc:Bounds height="28.0" width="28.0" x="480.0" y="146.0"/>
      </bpmndi:BPMNShape>
      <bpmndi:BPMNEdge bpmnElement="sid-985BAFBE-259A-4258-AE70-DF179FA4648D" id="BPMNEdge_sid-985BAFBE-259A-4258-AE70-DF179FA4648D">
        <omgdi:waypoint x="355.0" y="160.0"/>
        <omgdi:waypoint x="480.0" y="160.0"/>
      </bpmndi:BPMNEdge>
      <bpmndi:BPMNEdge bpmnElement="sid-C55223AC-471E-4710-8C7A-894E4C469D9C" id="BPMNEdge_sid-C55223AC-471E-4710-8C7A-894E4C469D9C">
        <omgdi:waypoint x="130.0" y="161.0"/>
        <omgdi:waypoint x="192.5" y="161.0"/>
        <omgdi:waypoint x="192.5" y="160.0"/>
        <omgdi:waypoint x="255.0" y="160.0"/>
      </bpmndi:BPMNEdge>
    </bpmndi:BPMNPlane>
  </bpmndi:BPMNDiagram>
</definitions>