{"resourceId":1,"properties":{"process_id":"SampleProcess-ServiceTask","name":"Sample Process with Service Task","documentation":"","process_author":"","process_version":"","process_namespace":"http://www.activiti.org/processdef","executionlisteners":"{\"executionListeners\":[]}","eventlisteners":"{\"eventListeners\":[]}","signaldefinitions":"[]","messagedefinitions":"[]","executionvariables":"","metadata":""},"stencil":{"id":"BPMNDiagram"},"childShapes":[{"resourceId":"startEvent1","properties":{"overrideid":"startEvent1","name":"","documentation":"","executionlisteners":{"executionListeners":[]},"initiator":"","formkeydefinition":"","formreference":"","fieldstovariables":"","formproperties":"","asynchronousdefinition":false,"exclusivedefinition":false},"stencil":{"id":"StartNoneEvent"},"childShapes":[],"outgoing":[{"resourceId":"sid-C55223AC-471E-4710-8C7A-894E4C469D9C"}],"bounds":{"lowerRight":{"x":130,"y":176},"upperLeft":{"x":100,"y":146}},"dockers":[]},{"resourceId":"sid-91116FE3-7C3F-47BD-84CF-AE9E6E27648F","properties":{"overrideid":"sid-91116FE3-7C3F-47BD-84CF-AE9E6E27648F","name":"Call ACS and create a folder","documentation":"","asynchronousdefinition":false,"exclusivedefinition":false,"executionlisteners":{"executionListeners":[]},"multiinstance_type":"None","multiinstance_cardinality":"","multiinstance_collection":"","multiinstance_variable":"","multiinstance_condition":"","isforcompensation":false,"servicetaskclass":"","servicetaskexpression":"","servicetaskdelegateexpression":"${callAcsSpringJavaDelegate}","servicetaskfields":{"fields":[{"name":"alfrescoRepoId","stringValue":"1"}]},"servicetaskresultvariable":"","executionvariables":""},"stencil":{"id":"ServiceTask"},"childShapes":[],"outgoing":[{"resourceId":"sid-985BAFBE-259A-4258-AE70-DF179FA4648D"}],"bounds":{"lowerRight":{"x":355,"y":200},"upperLeft":{"x":255,"y":120}},"dockers":[]},{"resourceId":"sid-C55223AC-471E-4710-8C7A-894E4C469D9C","properties":{"overrideid":"sid-C55223AC-471E-4710-8C7A-894E4C469D9C","name":"","documentation":"","conditionsequenceflow":"","executionlisteners":{"executionListeners":[]},"defaultflow":"false"},"stencil":{"id":"SequenceFlow"},"childShapes":[],"outgoing":[{"resourceId":"sid-91116FE3-7C3F-47BD-84CF-AE9E6E27648F"}],"bounds":{"lowerRight":{"x":254.78125,"y":161},"upperLeft":{"x":130.53125,"y":160}},"dockers":[{"x":15,"y":15},{"x":192.5,"y":161},{"x":192.5,"y":160},{"x":50,"y":40}],"target":{"resourceId":"sid-91116FE3-7C3F-47BD-84CF-AE9E6E27648F"}},{"resourceId":"sid-90242F30-57C6-4C63-B7F4-07E3A3A8D699","properties":{"overrideid":"sid-90242F30-57C6-4C63-B7F4-07E3A3A8D699","name":"","documentation":"","executionlisteners":{"executionListeners":[]},"asynchronousdefinition":false,"exclusivedefinition":false},"stencil":{"id":"EndNoneEvent"},"childShapes":[],"outgoing":[],"bounds":{"lowerRight":{"x":508,"y":174},"upperLeft":{"x":480,"y":146}},"dockers":[]},{"resourceId":"sid-985BAFBE-259A-4258-AE70-DF179FA4648D","properties":{"overrideid":"sid-985BAFBE-259A-4258-AE70-DF179FA4648D","name":"","documentation":"","conditionsequenceflow":"","executionlisteners":{"executionListeners":[]},"defaultflow":"false"},"stencil":{"id":"SequenceFlow"},"childShapes":[],"outgoing":[{"resourceId":"sid-90242F30-57C6-4C63-B7F4-07E3A3A8D699"}],"bounds":{"lowerRight":{"x":479.7109375,"y":160},"upperLeft":{"x":355.46484375,"y":160}},"dockers":[{"x":50,"y":40},{"x":14,"y":14}],"target":{"resourceId":"sid-90242F30-57C6-4C63-B7F4-07E3A3A8D699"}}],"bounds":{"lowerRight":{"x":1200,"y":1050},"upperLeft":{"x":0,"y":0}},"stencilset":{"url":"stencilsets/bpmn2.0/bpmn2.0.json","namespace":"http://b3mn.org/stencilset/bpmn2.0#"},"ssextensions":[]}