<?xml version='1.0' encoding='UTF-8'?>
<definitions xmlns="http://www.omg.org/spec/BPMN/20100524/MODEL" xmlns:xsi="http://www.w3.org/2001/XMLSchema-instance" xmlns:xsd="http://www.w3.org/2001/XMLSchema" xmlns:activiti="http://activiti.org/bpmn" xmlns:bpmndi="http://www.omg.org/spec/BPMN/20100524/DI" xmlns:omgdc="http://www.omg.org/spec/DD/20100524/DC" xmlns:omgdi="http://www.omg.org/spec/DD/20100524/DI" typeLanguage="http://www.w3.org/2001/XMLSchema" expressionLanguage="http://www.w3.org/1999/XPath" targetNamespace="http://www.activiti.org/processdef" xmlns:modeler="http://activiti.com/modeler" modeler:version="1.0en" modeler:exportDateTime="20180928132051202" modeler:modelId="3" modeler:modelVersion="3" modeler:modelLastUpdated="1538140805489">
  <process id="SampleProcesswithUserTask" name="Sample Process with User Task" isExecutable="true">
    <documentation>This process is used by ACS to demonstrate starting a process via APS ReST API</documentation>
    <startEvent id="startEvent1" activiti:formKey="4">
      <extensionElements>
        <modeler:form-reference-id><![CDATA[4]]></modeler:form-reference-id>
        <modeler:form-reference-name><![CDATA[Start Form]]></modeler:form-reference-name>
        <modeler:editor-resource-id><![CDATA[startEvent1]]></modeler:editor-resource-id>
      </extensionElements>
    </startEvent>
    <userTask id="sid-FB914326-100F-455E-B03B-DDC21ECD30A9" name="Sample Task" activiti:async="true" activiti:exclusive="false" activiti:assignee="$INITIATOR" activiti:formKey="5">
      <extensionElements>
        <activiti:executionListener event="start" class="com.activiti.runtime.activiti.ContentProcessorExecutionListener">
          <activiti:field name="externalContentHandler">
            <activiti:expression><![CDATA[${externalContentHandler}]]></activiti:expression>
          </activiti:field>
        </activiti:executionListener>
        <modeler:allow-send-email><![CDATA[true]]></modeler:allow-send-email>
        <modeler:form-reference-id><![CDATA[5]]></modeler:form-reference-id>
        <modeler:form-reference-name><![CDATA[Sample Task Form]]></modeler:form-reference-name>
        <modeler:activiti-idm-initiator><![CDATA[true]]></modeler:activiti-idm-initiator>
        <modeler:editor-resource-id><![CDATA[sid-FB914326-100F-455E-B03B-DDC21ECD30A9]]></modeler:editor-resource-id>
        <modeler:ignore-listener-on-import><![CDATA[com.activiti.runtime.activiti.ContentProcessorExecutionListener]]></modeler:ignore-listener-on-import>
      </extensionElements>
    </userTask>
    <sequenceFlow id="sid-C055778D-3BA4-437F-AAF2-44AE7B8E59DF" sourceRef="startEvent1" targetRef="sid-FB914326-100F-455E-B03B-DDC21ECD30A9">
      <extensionElements>
        <modeler:editor-resource-id><![CDATA[sid-C055778D-3BA4-437F-AAF2-44AE7B8E59DF]]></modeler:editor-resource-id>
      </extensionElements>
    </sequenceFlow>
    <endEvent id="sid-D1879140-BBE8-406F-834E-B932DE7B36CF">
      <extensionElements>
        <modeler:editor-resource-id><![CDATA[sid-D1879140-BBE8-406F-834E-B932DE7B36CF]]></modeler:editor-resource-id>
      </extensionElements>
    </endEvent>
    <sequenceFlow id="sid-C6FDD47D-3774-4751-A112-ED5609BD2C13" sourceRef="sid-FB914326-100F-455E-B03B-DDC21ECD30A9" targetRef="sid-D1879140-BBE8-406F-834E-B932DE7B36CF">
      <extensionElements>
        <modeler:editor-resource-id><![CDATA[sid-C6FDD47D-3774-4751-A112-ED5609BD2C13]]></modeler:editor-resource-id>
      </extensionElements>
    </sequenceFlow>
  </process>
  <bpmndi:BPMNDiagram id="BPMNDiagram_SampleProcesswithUserTask">
    <bpmndi:BPMNPlane bpmnElement="SampleProcesswithUserTask" id="BPMNPlane_SampleProcesswithUserTask">
      <bpmndi:BPMNShape bpmnElement="startEvent1" id="BPMNShape_startEvent1">
        <omgdc:Bounds height="30.0" width="30.0" x="90.0" y="150.0"/>
      </bpmndi:BPMNShape>
      <bpmndi:BPMNShape bpmnElement="sid-FB914326-100F-455E-B03B-DDC21ECD30A9" id="BPMNShape_sid-FB914326-100F-455E-B03B-DDC21ECD30A9">
        <omgdc:Bounds height="80.0" width="100.0" x="180.0" y="135.0"/>
      </bpmndi:BPMNShape>
      <bpmndi:BPMNShape bpmnElement="sid-D1879140-BBE8-406F-834E-B932DE7B36CF" id="BPMNShape_sid-D1879140-BBE8-406F-834E-B932DE7B36CF">
        <omgdc:Bounds height="28.0" width="28.0" x="330.0" y="164.0"/>
      </bpmndi:BPMNShape>
      <bpmndi:BPMNEdge bpmnElement="sid-C055778D-3BA4-437F-AAF2-44AE7B8E59DF" id="BPMNEdge_sid-C055778D-3BA4-437F-AAF2-44AE7B8E59DF">
        <omgdi:waypoint x="120.0" y="165.0"/>
        <omgdi:waypoint x="155.0" y="165.0"/>
        <omgdi:waypoint x="155.0" y="175.0"/>
        <omgdi:waypoint x="180.0" y="175.0"/>
      </bpmndi:BPMNEdge>
      <bpmndi:BPMNEdge bpmnElement="sid-C6FDD47D-3774-4751-A112-ED5609BD2C13" id="BPMNEdge_sid-C6FDD47D-3774-4751-A112-ED5609BD2C13">
        <omgdi:waypoint x="280.0" y="175.0"/>
        <omgdi:waypoint x="305.0" y="175.0"/>
        <omgdi:waypoint x="305.0" y="178.0"/>
        <omgdi:waypoint x="330.0" y="178.0"/>
      </bpmndi:BPMNEdge>
    </bpmndi:BPMNPlane>
  </bpmndi:BPMNDiagram>
</definitions>