{"resourceId":3,"properties":{"process_id":"SampleProcesswithUserTask","name":"Sample Process with User Task","documentation":"This process is used by ACS to demonstrate starting a process via APS ReST API","process_author":"","process_version":"","process_namespace":"http://www.activiti.org/processdef","executionlisteners":"","eventlisteners":"","signaldefinitions":"","messagedefinitions":"","executionvariables":"","metadata":""},"stencil":{"id":"BPMNDiagram"},"childShapes":[{"resourceId":"startEvent1","properties":{"overrideid":"","name":"","documentation":"","executionlisteners":"","initiator":"","formkeydefinition":"","formreference":{"id":4,"name":"Start Form","referenceId":3},"fieldstovariables":"","formproperties":""},"stencil":{"id":"StartNoneEvent"},"childShapes":[],"outgoing":[{"resourceId":"sid-C055778D-3BA4-437F-AAF2-44AE7B8E59DF"}],"bounds":{"lowerRight":{"x":120,"y":180},"upperLeft":{"x":90,"y":150}},"dockers":[]},{"resourceId":"sid-FB914326-100F-455E-B03B-DDC21ECD30A9","properties":{"overrideid":"","name":"Sample Task","documentation":"","asynchronousdefinition":"false","exclusivedefinition":"false","executionlisteners":"","multiinstance_type":"None","multiinstance_cardinality":"","multiinstance_collection":"","multiinstance_variable":"","multiinstance_condition":"","isforcompensation":"false","usertasksendemail":true,"usertaskassignment":"","formkeydefinition":"","formreference":{"id":5,"name":"Sample Task Form","referenceId":3},"fieldstovariables":"","duedatedefinition":"","prioritydefinition":"","categorydefinition":"","formproperties":"","tasklisteners":"","emailtemplate":""},"stencil":{"id":"UserTask"},"childShapes":[],"outgoing":[{"resourceId":"sid-C6FDD47D-3774-4751-A112-ED5609BD2C13"}],"bounds":{"lowerRight":{"x":280,"y":215},"upperLeft":{"x":180,"y":135}},"dockers":[]},{"resourceId":"sid-C055778D-3BA4-437F-AAF2-44AE7B8E59DF","properties":{"overrideid":"","name":"","documentation":"","conditionsequenceflow":"","executionlisteners":"","defaultflow":"false"},"stencil":{"id":"SequenceFlow"},"childShapes":[],"outgoing":[{"resourceId":"sid-FB914326-100F-455E-B03B-DDC21ECD30A9"}],"bounds":{"lowerRight":{"x":179.78125,"y":175},"upperLeft":{"x":120.0625,"y":165}},"dockers":[{"x":15,"y":15},{"x":155,"y":165},{"x":155,"y":175},{"x":50,"y":40}],"target":{"resourceId":"sid-FB914326-100F-455E-B03B-DDC21ECD30A9"}},{"resourceId":"sid-D1879140-BBE8-406F-834E-B932DE7B36CF","properties":{"overrideid":"","name":"","documentation":"","executionlisteners":""},"stencil":{"id":"EndNoneEvent"},"childShapes":[],"outgoing":[],"bounds":{"lowerRight":{"x":358,"y":192},"upperLeft":{"x":330,"y":164}},"dockers":[]},{"resourceId":"sid-C6FDD47D-3774-4751-A112-ED5609BD2C13","properties":{"overrideid":"","name":"","documentation":"","conditionsequenceflow":"","executionlisteners":"","defaultflow":"false"},"stencil":{"id":"SequenceFlow"},"childShapes":[],"outgoing":[{"resourceId":"sid-D1879140-BBE8-406F-834E-B932DE7B36CF"}],"bounds":{"lowerRight":{"x":329.59375,"y":178},"upperLeft":{"x":280.21875,"y":175}},"dockers":[{"x":50,"y":40},{"x":305,"y":175},{"x":305,"y":178},{"x":14,"y":14}],"target":{"resourceId":"sid-D1879140-BBE8-406F-834E-B932DE7B36CF"}}],"bounds":{"lowerRight":{"x":1200,"y":1050},"upperLeft":{"x":0,"y":0}},"stencilset":{"url":"stencilsets/bpmn2.0/bpmn2.0.json","namespace":"http://b3mn.org/stencilset/bpmn2.0#"},"ssextensions":[]}